{
	"FavoritesModel": {
		"GymModel": {
			"Transform": {
				"Position": {
					"x": 185.0,
					"y": 272.0
				},
				"Scale": {
					"x": 75.0,
					"y": 27.0
				},
				"Rotation": 0.0
			},
			"Texture": "file:/C:/Users/Martin/Repos/FIIT/oop-2023-stv-15-a-dakic-xszabom5/Project/gymbro/build/resources/main/com/gymbro/assets/lifegym.png",
			"Properties": {
				"Property": {
					"Name": "Name",
					"Value": "LifeGym"
				},
				"Property": {
					"Name": "Location",
					"Value": "Dubravka"
				},
				"Property": {
					"Name": "Amount of equipment",
					"Value": "14"
				},
				"Property": {
					"Name": "Website",
					"Value": "https://lifegym.sk/"
				},
				"Property": {
					"Name": "Description",
					"Value": "Welcome to LifeGym, the premier chain of gyms in Slovakia. Our state-of-the-art facilities feature a wide range of fitness equipment, including cardio machines, weight lifting machines, and free weights. We also offer a variety of group fitness classes, such as spinning, yoga, and aerobics, to help you stay motivated and reach your fitness goals. Our experienced personal trainers are available to provide one-on-one guidance and support to help you get the most out of your workouts. Join our community of fitness enthusiasts and start your journey towards a healthier, happier you today at LifeGym."
				},
				"Property": {
					"Name": "Opening hours",
					"Value": "Mon-Fri from 6.30 AM - 10.00 PM"
				}
			}
		},
		"GymModel": {
			"Transform": {
				"Position": {
					"x": 398.0,
					"y": 512.0
				},
				"Scale": {
					"x": 75.0,
					"y": 27.0
				},
				"Rotation": 0.0
			},
			"Texture": "file:/C:/Users/Martin/Repos/FIIT/oop-2023-stv-15-a-dakic-xszabom5/Project/gymbro/build/resources/main/com/gymbro/assets/golem.png",
			"Properties": {
				"Property": {
					"Name": "Name",
					"Value": "Golem Club"
				},
				"Property": {
					"Name": "Location",
					"Value": "Petrzalka"
				},
				"Property": {
					"Name": "Amount of equipment",
					"Value": "40"
				},
				"Property": {
					"Name": "Website",
					"Value": "https://www.golemclub.sk/sk"
				},
				"Property": {
					"Name": "Description",
					"Value": "Welcome to the largest and highest quality fitness centre network in Slovakia! Golem Club is synonymous with fitness, relaxation and healthy lifestyle. Since the beginning of its operation, it has been offering a new way of perceiving fitness to the general public. Accessibility, pleasant environment, state-of-the-art machinery, new forms of training, individual approach to each client. After registration you will receive a Golem card, which serves as a client identifier, so you will not be allowed to enter the premises without it. Two entries on one card are not possible, each client has his own card."
				},
				"Property": {
					"Name": "Opening hours",
					"Value": "Mon-Fri from 6.00 AM - 10.00 PM"
				}
			}
		}
	}
}