{
  "GymModels": {
    "GymModel": {
      "Transform": {
        "Position": {
          "x": 536.0,
          "y": 864.0
        },
        "Scale": {
          "x": 75.0,
          "y": 27.0
        },
        "Rotation": 0.0
      },
      "Texture": "file:/C:/Users/Martin/Repos/FIIT/oop-2023-stv-15-a-dakic-xszabom5/Project/gymbro/build/resources/main/com/gymbro/assets/lifegym.png",
      "Properties": {
        "Property": {
          "Name": "Name",
          "Value": "LifeGym"
        },
        "Property": {
          "Name": "Location",
          "Value": "Cunovo"
        },
        "Property": {
          "Name": "Amount of equipment",
          "Value": "15"
        },
        "Property": {
          "Name": "Website",
          "Value": "https://test.com"
        }
      }
    },
    "GymModel": {
      "Transform": {
        "Position": {
          "x": 447.0,
          "y": 819.0
        },
        "Scale": {
          "x": 75.0,
          "y": 27.0
        },
        "Rotation": 0.0
      },
      "Texture": "file:/C:/Users/Martin/Repos/FIIT/oop-2023-stv-15-a-dakic-xszabom5/Project/gymbro/build/resources/main/com/gymbro/assets/lifegym.png",
      "Properties": {
        "Property": {
          "Name": "Name",
          "Value": "LifeGym"
        },
        "Property": {
          "Name": "Location",
          "Value": "Rusovce"
        },
        "Property": {
          "Name": "Amount of equipment",
          "Value": "15"
        },
        "Property": {
          "Name": "Website",
          "Value": "https://test.com"
        }
      }
    },
    "GymModel": {
      "Transform": {
        "Position": {
          "x": 369.0,
          "y": 712.0
        },
        "Scale": {
          "x": 75.0,
          "y": 27.0
        },
        "Rotation": 0.0
      },
      "Texture": "file:/C:/Users/Martin/Repos/FIIT/oop-2023-stv-15-a-dakic-xszabom5/Project/gymbro/build/resources/main/com/gymbro/assets/lifegym.png",
      "Properties": {
        "Property": {
          "Name": "Name",
          "Value": "LifeGym"
        },
        "Property": {
          "Name": "Location",
          "Value": "Jarovce"
        },
        "Property": {
          "Name": "Amount of equipment",
          "Value": "15"
        },
        "Property": {
          "Name": "Website",
          "Value": "https://test.com"
        }
      }
    },
    "GymModel": {
      "Transform": {
        "Position": {
          "x": 557.0,
          "y": 640.0
        },
        "Scale": {
          "x": 75.0,
          "y": 27.0
        },
        "Rotation": 0.0
      },
      "Texture": "file:/C:/Users/Martin/Repos/FIIT/oop-2023-stv-15-a-dakic-xszabom5/Project/gymbro/build/resources/main/com/gymbro/assets/lifegym.png",
      "Properties": {
        "Property": {
          "Name": "Name",
          "Value": "LifeGym"
        },
        "Property": {
          "Name": "Location",
          "Value": "Podunajske Biskupice"
        },
        "Property": {
          "Name": "Amount of equipment",
          "Value": "15"
        },
        "Property": {
          "Name": "Website",
          "Value": "https://test.com"
        }
      }
    },
    "GymModel": {
      "Transform": {
        "Position": {
          "x": 398.0,
          "y": 512.0
        },
        "Scale": {
          "x": 75.0,
          "y": 27.0
        },
        "Rotation": 0.0
      },
      "Texture": "file:/C:/Users/Martin/Repos/FIIT/oop-2023-stv-15-a-dakic-xszabom5/Project/gymbro/build/resources/main/com/gymbro/assets/lifegym.png",
      "Properties": {
        "Property": {
          "Name": "Name",
          "Value": "LifeGym"
        },
        "Property": {
          "Name": "Location",
          "Value": "Petrzalka"
        },
        "Property": {
          "Name": "Amount of equipment",
          "Value": "15"
        },
        "Property": {
          "Name": "Website",
          "Value": "https://test.com"
        }
      }
    },
    "GymModel": {
      "Transform": {
        "Position": {
          "x": 618.0,
          "y": 389.0
        },
        "Scale": {
          "x": 75.0,
          "y": 27.0
        },
        "Rotation": 0.0
      },
      "Texture": "file:/C:/Users/Martin/Repos/FIIT/oop-2023-stv-15-a-dakic-xszabom5/Project/gymbro/build/resources/main/com/gymbro/assets/lifegym.png",
      "Properties": {
        "Property": {
          "Name": "Name",
          "Value": "LifeGym"
        },
        "Property": {
          "Name": "Location",
          "Value": "Vrakuna"
        },
        "Property": {
          "Name": "Amount of equipment",
          "Value": "15"
        },
        "Property": {
          "Name": "Website",
          "Value": "https://test.com"
        }
      }
    },
    "GymModel": {
      "Transform": {
        "Position": {
          "x": 490.0,
          "y": 400.0
        },
        "Scale": {
          "x": 75.0,
          "y": 27.0
        },
        "Rotation": 0.0
      },
      "Texture": "file:/C:/Users/Martin/Repos/FIIT/oop-2023-stv-15-a-dakic-xszabom5/Project/gymbro/build/resources/main/com/gymbro/assets/lifegym.png",
      "Properties": {
        "Property": {
          "Name": "Name",
          "Value": "LifeGym"
        },
        "Property": {
          "Name": "Location",
          "Value": "Ruzinov"
        },
        "Property": {
          "Name": "Amount of equipment",
          "Value": "15"
        },
        "Property": {
          "Name": "Website",
          "Value": "https://test.com"
        }
      }
    },
    "GymModel": {
      "Transform": {
        "Position": {
          "x": 367.0,
          "y": 413.0
        },
        "Scale": {
          "x": 75.0,
          "y": 27.0
        },
        "Rotation": 0.0
      },
      "Texture": "file:/C:/Users/Martin/Repos/FIIT/oop-2023-stv-15-a-dakic-xszabom5/Project/gymbro/build/resources/main/com/gymbro/assets/lifegym.png",
      "Properties": {
        "Property": {
          "Name": "Name",
          "Value": "LifeGym"
        },
        "Property": {
          "Name": "Location",
          "Value": "Stare Mesto"
        },
        "Property": {
          "Name": "Amount of equipment",
          "Value": "15"
        },
        "Property": {
          "Name": "Website",
          "Value": "https://test.com"
        }
      }
    },
    "GymModel": {
      "Transform": {
        "Position": {
          "x": 394.0,
          "y": 359.0
        },
        "Scale": {
          "x": 75.0,
          "y": 27.0
        },
        "Rotation": 0.0
      },
      "Texture": "file:/C:/Users/Martin/Repos/FIIT/oop-2023-stv-15-a-dakic-xszabom5/Project/gymbro/build/resources/main/com/gymbro/assets/lifegym.png",
      "Properties": {
        "Property": {
          "Name": "Name",
          "Value": "LifeGym"
        },
        "Property": {
          "Name": "Location",
          "Value": "Nove Mesto"
        },
        "Property": {
          "Name": "Amount of equipment",
          "Value": "15"
        },
        "Property": {
          "Name": "Website",
          "Value": "https://test.com"
        }
      }
    },
    "GymModel": {
      "Transform": {
        "Position": {
          "x": 273.0,
          "y": 366.0
        },
        "Scale": {
          "x": 75.0,
          "y": 27.0
        },
        "Rotation": 0.0
      },
      "Texture": "file:/C:/Users/Martin/Repos/FIIT/oop-2023-stv-15-a-dakic-xszabom5/Project/gymbro/build/resources/main/com/gymbro/assets/lifegym.png",
      "Properties": {
        "Property": {
          "Name": "Name",
          "Value": "LifeGym"
        },
        "Property": {
          "Name": "Location",
          "Value": "Karlova Ves"
        },
        "Property": {
          "Name": "Amount of equipment",
          "Value": "15"
        },
        "Property": {
          "Name": "Website",
          "Value": "https://test.com"
        }
      }
    },
    "GymModel": {
      "Transform": {
        "Position": {
          "x": 175.0,
          "y": 372.0
        },
        "Scale": {
          "x": 75.0,
          "y": 27.0
        },
        "Rotation": 0.0
      },
      "Texture": "file:/C:/Users/Martin/Repos/FIIT/oop-2023-stv-15-a-dakic-xszabom5/Project/gymbro/build/resources/main/com/gymbro/assets/lifegym.png",
      "Properties": {
        "Property": {
          "Name": "Name",
          "Value": "LifeGym"
        },
        "Property": {
          "Name": "Location",
          "Value": "Devin"
        },
        "Property": {
          "Name": "Amount of equipment",
          "Value": "15"
        },
        "Property": {
          "Name": "Website",
          "Value": "https://test.com"
        }
      }
    },
    "GymModel": {
      "Transform": {
        "Position": {
          "x": 185.0,
          "y": 272.0
        },
        "Scale": {
          "x": 75.0,
          "y": 27.0
        },
        "Rotation": 0.0
      },
      "Texture": "file:/C:/Users/Martin/Repos/FIIT/oop-2023-stv-15-a-dakic-xszabom5/Project/gymbro/build/resources/main/com/gymbro/assets/lifegym.png",
      "Properties": {
        "Property": {
          "Name": "Name",
          "Value": "LifeGym"
        },
        "Property": {
          "Name": "Location",
          "Value": "Dubravka"
        },
        "Property": {
          "Name": "Amount of equipment",
          "Value": "15"
        },
        "Property": {
          "Name": "Website",
          "Value": "https://test.com"
        }
      }
    },
    "GymModel": {
      "Transform": {
        "Position": {
          "x": 275.0,
          "y": 266.0
        },
        "Scale": {
          "x": 75.0,
          "y": 27.0
        },
        "Rotation": 0.0
      },
      "Texture": "file:/C:/Users/Martin/Repos/FIIT/oop-2023-stv-15-a-dakic-xszabom5/Project/gymbro/build/resources/main/com/gymbro/assets/lifegym.png",
      "Properties": {
        "Property": {
          "Name": "Name",
          "Value": "LifeGym"
        },
        "Property": {
          "Name": "Location",
          "Value": "Lamac"
        },
        "Property": {
          "Name": "Amount of equipment",
          "Value": "15"
        },
        "Property": {
          "Name": "Website",
          "Value": "https://test.com"
        }
      }
    },
    "GymModel": {
      "Transform": {
        "Position": {
          "x": 500.0,
          "y": 248.0
        },
        "Scale": {
          "x": 75.0,
          "y": 27.0
        },
        "Rotation": 0.0
      },
      "Texture": "file:/C:/Users/Martin/Repos/FIIT/oop-2023-stv-15-a-dakic-xszabom5/Project/gymbro/build/resources/main/com/gymbro/assets/lifegym.png",
      "Properties": {
        "Property": {
          "Name": "Name",
          "Value": "LifeGym"
        },
        "Property": {
          "Name": "Location",
          "Value": "Raca"
        },
        "Property": {
          "Name": "Amount of equipment",
          "Value": "15"
        },
        "Property": {
          "Name": "Website",
          "Value": "https://test.com"
        }
      }
    },
    "GymModel": {
      "Transform": {
        "Position": {
          "x": 608.0,
          "y": 257.0
        },
        "Scale": {
          "x": 75.0,
          "y": 27.0
        },
        "Rotation": 0.0
      },
      "Texture": "file:/C:/Users/Martin/Repos/FIIT/oop-2023-stv-15-a-dakic-xszabom5/Project/gymbro/build/resources/main/com/gymbro/assets/lifegym.png",
      "Properties": {
        "Property": {
          "Name": "Name",
          "Value": "LifeGym"
        },
        "Property": {
          "Name": "Location",
          "Value": "Vajnory"
        },
        "Property": {
          "Name": "Amount of equipment",
          "Value": "15"
        },
        "Property": {
          "Name": "Website",
          "Value": "https://test.com"
        }
      }
    },
    "GymModel": {
      "Transform": {
        "Position": {
          "x": 224.0,
          "y": 114.0
        },
        "Scale": {
          "x": 75.0,
          "y": 27.0
        },
        "Rotation": 0.0
      },
      "Texture": "file:/C:/Users/Martin/Repos/FIIT/oop-2023-stv-15-a-dakic-xszabom5/Project/gymbro/build/resources/main/com/gymbro/assets/lifegym.png",
      "Properties": {
        "Property": {
          "Name": "Name",
          "Value": "LifeGym"
        },
        "Property": {
          "Name": "Location",
          "Value": "Zahorska Bystrica"
        },
        "Property": {
          "Name": "Amount of equipment",
          "Value": "15"
        },
        "Property": {
          "Name": "Website",
          "Value": "https://test.com"
        }
      }
    },
    "GymModel": {
      "Transform": {
        "Position": {
          "x": 88.0,
          "y": 144.0
        },
        "Scale": {
          "x": 75.0,
          "y": 27.0
        },
        "Rotation": 0.0
      },
      "Texture": "file:/C:/Users/Martin/Repos/FIIT/oop-2023-stv-15-a-dakic-xszabom5/Project/gymbro/build/resources/main/com/gymbro/assets/lifegym.png",
      "Properties": {
        "Property": {
          "Name": "Name",
          "Value": "LifeGym"
        },
        "Property": {
          "Name": "Location",
          "Value": "Devinska Nova Ves"
        },
        "Property": {
          "Name": "Amount of equipment",
          "Value": "15"
        },
        "Property": {
          "Name": "Website",
          "Value": "https://test.com"
        }
      }
    }
  }
}