{
    "GymModels": {
      "GymModel": {
        "Transform": {
          "Position": {
            "x": 536.0,
            "y": 864.0
          },
          "Scale": {
            "x": 75.0,
            "y": 27.0
          },
          "Rotation": 0.0
        },
        "Texture": "file:/C:/Users/Martin/Repos/FIIT/oop-2023-stv-15-a-dakic-xszabom5/Project/gymbro/build/resources/main/com/gymbro/assets/fitinn.png",
        "Properties": {
          "Property": {
            "Name": "Name",
            "Value": "FITINN"
          },
          "Property": {
            "Name": "Location",
            "Value": "Cunovo"
          },
          "Property": {
            "Name": "Amount of equipment",
            "Value": "5"
          },
          "Property": {
            "Name": "Website",
            "Value": "https://fitinn.sk/"
          },
          "Property": {
            "Name": "Description",
            "Value": "FITINN is an Austrian fitness studio chain with currently 47 locations in Austria (as of November 2022), 3 in the Czech Republic, 4 in Slovenia, and 2 locations each in Slovakia and Italy. The company headquarters are located in Vienna, and the first studio was opened in 2004 at the main train station in Graz. Currently, with over 220,000 members, FITINN is the fitness chain with the most members in Austria with the most studios and is a classic fitness discounter (low monthly price, reduced offer on endurance and strength equipment)."
          },
          "Property": {
            "Name": "Opening hours",
            "Value": "Every day from 6.00 AM - 12.00 AM"
          }
        }
      },
      "GymModel": {
        "Transform": {
          "Position": {
            "x": 447.0,
            "y": 819.0
          },
          "Scale": {
            "x": 75.0,
            "y": 27.0
          },
          "Rotation": 0.0
        },
        "Texture": "file:/C:/Users/Martin/Repos/FIIT/oop-2023-stv-15-a-dakic-xszabom5/Project/gymbro/build/resources/main/com/gymbro/assets/lifegym.png",
        "Properties": {
          "Property": {
            "Name": "Name",
            "Value": "LifeGym"
          },
          "Property": {
            "Name": "Location",
            "Value": "Rusovce"
          },
          "Property": {
            "Name": "Amount of equipment",
            "Value": "16"
          },
          "Property": {
            "Name": "Website",
            "Value": "https://lifegym.sk/"
          },
          "Property": {
            "Name": "Description",
            "Value": "Welcome to LifeGym, the premier chain of gyms in Slovakia. Our state-of-the-art facilities feature a wide range of fitness equipment, including cardio machines, weight lifting machines, and free weights. We also offer a variety of group fitness classes, such as spinning, yoga, and aerobics, to help you stay motivated and reach your fitness goals. Our experienced personal trainers are available to provide one-on-one guidance and support to help you get the most out of your workouts. Join our community of fitness enthusiasts and start your journey towards a healthier, happier you today at LifeGym."
          },
          "Property": {
            "Name": "Opening hours",
            "Value": "Mon-Fri from 6.30 AM - 10.00 PM"
        }
        }
      },
      "GymModel": {
        "Transform": {
          "Position": {
            "x": 369.0,
            "y": 712.0
          },
          "Scale": {
            "x": 75.0,
            "y": 27.0
          },
          "Rotation": 0.0
        },
        "Texture": "file:/C:/Users/Martin/Repos/FIIT/oop-2023-stv-15-a-dakic-xszabom5/Project/gymbro/build/resources/main/com/gymbro/assets/nobelgym.png",
        "Properties": {
          "Property": {
            "Name": "Name",
            "Value": "NobelGym"
          },
          "Property": {
            "Name": "Location",
            "Value": "Jarovce"
          },
          "Property": {
            "Name": "Amount of equipment",
            "Value": "25"
          },
          "Property": {
            "Name": "Website",
            "Value": "https://www.nobelgym.sk/"
          },
          "Property": {
            "Name": "Description",
            "Value": "Nobel gym is a newly opened leisure centre that offers its clients professional services in a modern environment. Our centre is designed for all those looking for a healthy lifestyle, quality training and relaxation. We founded Nobel Gym with the idea of creating a professional yet family environment where you and our trainers can achieve your physical goals, push your limits and enjoy the results not only in our gym but also in your personal life. We offer our visitors a fully air-conditioned space for strength, functional and relaxation group workouts in a friendly environment. For the little ones we have music and dance workshops and exercises to develop motor skills and movement. A reception area with a fresh bar and seating will make your workout more enjoyable and give you enegria for the day. We have modern changing rooms and showers which are free for our clients to use."
          },
          "Property": {
            "Name": "Opening hours",
            "Value": "Mon-Fri from 8.00 AM - 12.00 AM"
          }
        }
      },
      "GymModel": {
        "Transform": {
          "Position": {
            "x": 557.0,
            "y": 640.0
          },
          "Scale": {
            "x": 75.0,
            "y": 27.0
          },
          "Rotation": 0.0
        },
        "Texture": "file:/C:/Users/Martin/Repos/FIIT/oop-2023-stv-15-a-dakic-xszabom5/Project/gymbro/build/resources/main/com/gymbro/assets/lifegym.png",
        "Properties": {
          "Property": {
            "Name": "Name",
            "Value": "LifeGym"
          },
          "Property": {
            "Name": "Location",
            "Value": "Podunajske Biskupice"
          },
          "Property": {
            "Name": "Amount of equipment",
            "Value": "15"
          },
          "Property": {
            "Name": "Website",
            "Value": "https://lifegym.sk/"
          },
          "Property": {
            "Name": "Description",
            "Value": "Welcome to LifeGym, the premier chain of gyms in Slovakia. Our state-of-the-art facilities feature a wide range of fitness equipment, including cardio machines, weight lifting machines, and free weights. We also offer a variety of group fitness classes, such as spinning, yoga, and aerobics, to help you stay motivated and reach your fitness goals. Our experienced personal trainers are available to provide one-on-one guidance and support to help you get the most out of your workouts. Join our community of fitness enthusiasts and start your journey towards a healthier, happier you today at LifeGym."
          },
          "Property": {
            "Name": "Opening hours",
            "Value": "Mon-Fri from 6.30 AM - 10.00 PM"
        }
        }
      },
      "GymModel": {
        "Transform": {
          "Position": {
            "x": 398.0,
            "y": 512.0
          },
          "Scale": {
            "x": 75.0,
            "y": 27.0
          },
          "Rotation": 0.0
        },
        "Texture": "file:/C:/Users/Martin/Repos/FIIT/oop-2023-stv-15-a-dakic-xszabom5/Project/gymbro/build/resources/main/com/gymbro/assets/golem.png",
        "Properties": {
          "Property": {
            "Name": "Name",
            "Value": "Golem Club"
          },
          "Property": {
            "Name": "Location",
            "Value": "Petrzalka"
          },
          "Property": {
            "Name": "Amount of equipment",
            "Value": "40"
          },
          "Property": {
            "Name": "Website",
            "Value": "https://www.golemclub.sk/sk"
          },
          "Property": {
            "Name": "Description",
            "Value": "Welcome to the largest and highest quality fitness centre network in Slovakia! Golem Club is synonymous with fitness, relaxation and healthy lifestyle. Since the beginning of its operation, it has been offering a new way of perceiving fitness to the general public. Accessibility, pleasant environment, state-of-the-art machinery, new forms of training, individual approach to each client. After registration you will receive a Golem card, which serves as a client identifier, so you will not be allowed to enter the premises without it. Two entries on one card are not possible, each client has his own card."
          },
          "Property": {
            "Name": "Opening hours",
            "Value": "Mon-Fri from 6.00 AM - 10.00 PM"
          }
        }
      },
      "GymModel": {
        "Transform": {
          "Position": {
            "x": 618.0,
            "y": 389.0
          },
          "Scale": {
            "x": 75.0,
            "y": 27.0
          },
          "Rotation": 0.0
        },
        "Texture": "file:/C:/Users/Martin/Repos/FIIT/oop-2023-stv-15-a-dakic-xszabom5/Project/gymbro/build/resources/main/com/gymbro/assets/fitinn.png",
        "Properties": {
          "Property": {
            "Name": "Name",
            "Value": "FITINN"
          },
          "Property": {
            "Name": "Location",
            "Value": "Vrakuna"
          },
          "Property": {
            "Name": "Amount of equipment",
            "Value": "17"
          },
          "Property": {
            "Name": "Website",
            "Value": "https://fitinn.sk/"
          },
          "Property": {
            "Name": "Description",
            "Value": "FITINN is an Austrian fitness studio chain with currently 47 locations in Austria (as of November 2022), 3 in the Czech Republic, 4 in Slovenia, and 2 locations each in Slovakia and Italy. The company headquarters are located in Vienna, and the first studio was opened in 2004 at the main train station in Graz. Currently, with over 220,000 members, FITINN is the fitness chain with the most members in Austria with the most studios and is a classic fitness discounter (low monthly price, reduced offer on endurance and strength equipment)."
          },
          "Property": {
            "Name": "Opening hours",
            "Value": "Every day from 6.00 AM - 12.00 AM"
          }
        }
      },
      "GymModel": {
        "Transform": {
          "Position": {
            "x": 490.0,
            "y": 400.0
          },
          "Scale": {
            "x": 75.0,
            "y": 27.0
          },
          "Rotation": 0.0
        },
        "Texture": "file:/C:/Users/Martin/Repos/FIIT/oop-2023-stv-15-a-dakic-xszabom5/Project/gymbro/build/resources/main/com/gymbro/assets/fitinn.png",
        "Properties": {
          "Property": {
            "Name": "Name",
            "Value": "FITINN"
          },
          "Property": {
            "Name": "Location",
            "Value": "Ruzinov"
          },
          "Property": {
            "Name": "Amount of equipment",
            "Value": "45"
          },
          "Property": {
            "Name": "Website",
            "Value": "https://fitinn.sk/"
          },
          "Property": {
            "Name": "Description",
            "Value": "FITINN is an Austrian fitness studio chain with currently 47 locations in Austria (as of November 2022), 3 in the Czech Republic, 4 in Slovenia, and 2 locations each in Slovakia and Italy. The company headquarters are located in Vienna, and the first studio was opened in 2004 at the main train station in Graz. Currently, with over 220,000 members, FITINN is the fitness chain with the most members in Austria with the most studios and is a classic fitness discounter (low monthly price, reduced offer on endurance and strength equipment)."
          },
          "Property": {
            "Name": "Opening hours",
            "Value": "Every day from 6.00 AM - 12.00 AM"
          }
        }
      },
      "GymModel": {
        "Transform": {
          "Position": {
            "x": 367.0,
            "y": 413.0
          },
          "Scale": {
            "x": 75.0,
            "y": 27.0
          },
          "Rotation": 0.0
        },
        "Texture": "file:/C:/Users/Martin/Repos/FIIT/oop-2023-stv-15-a-dakic-xszabom5/Project/gymbro/build/resources/main/com/gymbro/assets/fitinn.png",
        "Properties": {
          "Property": {
            "Name": "Name",
            "Value": "FITINN"
          },
          "Property": {
            "Name": "Location",
            "Value": "Stare Mesto"
          },
          "Property": {
            "Name": "Amount of equipment",
            "Value": "19"
          },
          "Property": {
            "Name": "Website",
            "Value": "https://fitinn.sk/"
          },
          "Property": {
            "Name": "Description",
            "Value": "FITINN is an Austrian fitness studio chain with currently 47 locations in Austria (as of November 2022), 3 in the Czech Republic, 4 in Slovenia, and 2 locations each in Slovakia and Italy. The company headquarters are located in Vienna, and the first studio was opened in 2004 at the main train station in Graz. Currently, with over 220,000 members, FITINN is the fitness chain with the most members in Austria with the most studios and is a classic fitness discounter (low monthly price, reduced offer on endurance and strength equipment)."
          },
          "Property": {
            "Name": "Opening hours",
            "Value": "Every day from 6.00 AM - 12.00 AM"
          }
        }
      },
      "GymModel": {
        "Transform": {
          "Position": {
            "x": 394.0,
            "y": 359.0
          },
          "Scale": {
            "x": 75.0,
            "y": 27.0
          },
          "Rotation": 0.0
        },
        "Texture": "file:/C:/Users/Martin/Repos/FIIT/oop-2023-stv-15-a-dakic-xszabom5/Project/gymbro/build/resources/main/com/gymbro/assets/golem.png",
        "Properties": {
          "Property": {
            "Name": "Name",
            "Value": "Golem Club"
          },
          "Property": {
            "Name": "Location",
            "Value": "Nove Mesto"
          },
          "Property": {
            "Name": "Amount of equipment",
            "Value": "43"
          },
          "Property": {
            "Name": "Website",
            "Value": "https://www.golemclub.sk/sk"
          },
          "Property": {
            "Name": "Description",
            "Value": "Welcome to the largest and highest quality fitness centre network in Slovakia! Golem Club is synonymous with fitness, relaxation and healthy lifestyle. Since the beginning of its operation, it has been offering a new way of perceiving fitness to the general public. Accessibility, pleasant environment, state-of-the-art machinery, new forms of training, individual approach to each client. After registration you will receive a Golem card, which serves as a client identifier, so you will not be allowed to enter the premises without it. Two entries on one card are not possible, each client has his own card."
          },
          "Property": {
            "Name": "Opening hours",
            "Value": "Mon-Fri from 6.00 AM - 10.00 PM"
          }
        }
      },
      "GymModel": {
        "Transform": {
          "Position": {
            "x": 273.0,
            "y": 366.0
          },
          "Scale": {
            "x": 75.0,
            "y": 27.0
          },
          "Rotation": 0.0
        },
        "Texture": "file:/C:/Users/Martin/Repos/FIIT/oop-2023-stv-15-a-dakic-xszabom5/Project/gymbro/build/resources/main/com/gymbro/assets/golem.png",
        "Properties": {
          "Property": {
            "Name": "Name",
            "Value": "Golem Club"
          },
          "Property": {
            "Name": "Location",
            "Value": "Karlova Ves"
          },
          "Property": {
            "Name": "Amount of equipment",
            "Value": "21"
          },
          "Property": {
            "Name": "Website",
            "Value": "https://www.golemclub.sk/sk"
          },
          "Property": {
            "Name": "Description",
            "Value": "Welcome to the largest and highest quality fitness centre network in Slovakia! Golem Club is synonymous with fitness, relaxation and healthy lifestyle. Since the beginning of its operation, it has been offering a new way of perceiving fitness to the general public. Accessibility, pleasant environment, state-of-the-art machinery, new forms of training, individual approach to each client. After registration you will receive a Golem card, which serves as a client identifier, so you will not be allowed to enter the premises without it. Two entries on one card are not possible, each client has his own card."
          },
          "Property": {
            "Name": "Opening hours",
            "Value": "Mon-Fri from 6.00 AM - 10.00 PM"
          }
        }
      },
      "GymModel": {
        "Transform": {
          "Position": {
            "x": 175.0,
            "y": 372.0
          },
          "Scale": {
            "x": 75.0,
            "y": 27.0
          },
          "Rotation": 0.0
        },
        "Texture": "file:/C:/Users/Martin/Repos/FIIT/oop-2023-stv-15-a-dakic-xszabom5/Project/gymbro/build/resources/main/com/gymbro/assets/nobelgym.png",
        "Properties": {
          "Property": {
            "Name": "Name",
            "Value": "NobelGym"
          },
          "Property": {
            "Name": "Location",
            "Value": "Devin"
          },
          "Property": {
            "Name": "Amount of equipment",
            "Value": "12"
          },
          "Property": {
            "Name": "Website",
            "Value": "https://www.nobelgym.sk/"
          },
          "Property": {
            "Name": "Description",
            "Value": "Nobel gym is a newly opened leisure centre that offers its clients professional services in a modern environment. Our centre is designed for all those looking for a healthy lifestyle, quality training and relaxation. We founded Nobel Gym with the idea of creating a professional yet family environment where you and our trainers can achieve your physical goals, push your limits and enjoy the results not only in our gym but also in your personal life. We offer our visitors a fully air-conditioned space for strength, functional and relaxation group workouts in a friendly environment. For the little ones we have music and dance workshops and exercises to develop motor skills and movement. A reception area with a fresh bar and seating will make your workout more enjoyable and give you enegria for the day. We have modern changing rooms and showers which are free for our clients to use."
          },
          "Property": {
            "Name": "Opening hours",
            "Value": "Mon-Fri from 8.00 AM - 12.00 AM"
          }
        }
      },
      "GymModel": {
        "Transform": {
          "Position": {
            "x": 185.0,
            "y": 272.0
          },
          "Scale": {
            "x": 75.0,
            "y": 27.0
          },
          "Rotation": 0.0
        },
        "Texture": "file:/C:/Users/Martin/Repos/FIIT/oop-2023-stv-15-a-dakic-xszabom5/Project/gymbro/build/resources/main/com/gymbro/assets/lifegym.png",
        "Properties": {
          "Property": {
            "Name": "Name",
            "Value": "LifeGym"
          },
          "Property": {
            "Name": "Location",
            "Value": "Dubravka"
          },
          "Property": {
            "Name": "Amount of equipment",
            "Value": "14"
          },
          "Property": {
            "Name": "Website",
            "Value": "https://lifegym.sk/"
          },
          "Property": {
            "Name": "Description",
            "Value": "Welcome to LifeGym, the premier chain of gyms in Slovakia. Our state-of-the-art facilities feature a wide range of fitness equipment, including cardio machines, weight lifting machines, and free weights. We also offer a variety of group fitness classes, such as spinning, yoga, and aerobics, to help you stay motivated and reach your fitness goals. Our experienced personal trainers are available to provide one-on-one guidance and support to help you get the most out of your workouts. Join our community of fitness enthusiasts and start your journey towards a healthier, happier you today at LifeGym."
          },
          "Property": {
            "Name": "Opening hours",
            "Value": "Mon-Fri from 6.30 AM - 10.00 PM"
        }
        }
      },
      "GymModel": {
        "Transform": {
          "Position": {
            "x": 275.0,
            "y": 266.0
          },
          "Scale": {
            "x": 75.0,
            "y": 27.0
          },
          "Rotation": 0.0
        },
        "Texture": "file:/C:/Users/Martin/Repos/FIIT/oop-2023-stv-15-a-dakic-xszabom5/Project/gymbro/build/resources/main/com/gymbro/assets/fitinn.png",
        "Properties": {
          "Property": {
            "Name": "Name",
            "Value": "FITINN"
          },
          "Property": {
            "Name": "Location",
            "Value": "Lamac"
          },
          "Property": {
            "Name": "Amount of equipment",
            "Value": "24"
          },
          "Property": {
            "Name": "Website",
            "Value": "https://fitinn.sk/"
          },
          "Property": {
            "Name": "Description",
            "Value": "FITINN is an Austrian fitness studio chain with currently 47 locations in Austria (as of November 2022), 3 in the Czech Republic, 4 in Slovenia, and 2 locations each in Slovakia and Italy. The company headquarters are located in Vienna, and the first studio was opened in 2004 at the main train station in Graz. Currently, with over 220,000 members, FITINN is the fitness chain with the most members in Austria with the most studios and is a classic fitness discounter (low monthly price, reduced offer on endurance and strength equipment)."
          },
          "Property": {
            "Name": "Opening hours",
            "Value": "Every day from 6.00 AM - 12.00 AM"
          }
        }
      },
      "GymModel": {
        "Transform": {
          "Position": {
            "x": 500.0,
            "y": 248.0
          },
          "Scale": {
            "x": 75.0,
            "y": 27.0
          },
          "Rotation": 0.0
        },
        "Texture": "file:/C:/Users/Martin/Repos/FIIT/oop-2023-stv-15-a-dakic-xszabom5/Project/gymbro/build/resources/main/com/gymbro/assets/golem.png",
        "Properties": {
          "Property": {
            "Name": "Name",
            "Value": "Golem Club"
          },
          "Property": {
            "Name": "Location",
            "Value": "Raca"
          },
          "Property": {
            "Name": "Amount of equipment",
            "Value": "16"
          },
          "Property": {
            "Name": "Website",
            "Value": "https://www.golemclub.sk/sk"
          },
          "Property": {
            "Name": "Description",
            "Value": "Welcome to the largest and highest quality fitness centre network in Slovakia! Golem Club is synonymous with fitness, relaxation and healthy lifestyle. Since the beginning of its operation, it has been offering a new way of perceiving fitness to the general public. Accessibility, pleasant environment, state-of-the-art machinery, new forms of training, individual approach to each client. After registration you will receive a Golem card, which serves as a client identifier, so you will not be allowed to enter the premises without it. Two entries on one card are not possible, each client has his own card."
          },
          "Property": {
            "Name": "Opening hours",
            "Value": "Mon-Fri from 6.00 AM - 10.00 PM"
          }
        }
      },
      "GymModel": {
        "Transform": {
          "Position": {
            "x": 608.0,
            "y": 257.0
          },
          "Scale": {
            "x": 75.0,
            "y": 27.0
          },
          "Rotation": 0.0
        },
        "Texture": "file:/C:/Users/Martin/Repos/FIIT/oop-2023-stv-15-a-dakic-xszabom5/Project/gymbro/build/resources/main/com/gymbro/assets/lifegym.png",
        "Properties": {
          "Property": {
            "Name": "Name",
            "Value": "LifeGym"
          },
          "Property": {
            "Name": "Location",
            "Value": "Vajnory"
          },
          "Property": {
            "Name": "Amount of equipment",
            "Value": "18"
          },
          "Property": {
            "Name": "Website",
            "Value": "https://lifegym.sk/"
          },
          "Property": {
            "Name": "Description",
            "Value": "Welcome to LifeGym, the premier chain of gyms in Slovakia. Our state-of-the-art facilities feature a wide range of fitness equipment, including cardio machines, weight lifting machines, and free weights. We also offer a variety of group fitness classes, such as spinning, yoga, and aerobics, to help you stay motivated and reach your fitness goals. Our experienced personal trainers are available to provide one-on-one guidance and support to help you get the most out of your workouts. Join our community of fitness enthusiasts and start your journey towards a healthier, happier you today at LifeGym."
          },
          "Property": {
            "Name": "Opening hours",
            "Value": "Mon-Fri from 6.30 AM - 10.00 PM"
        }
        }
      },
      "GymModel": {
        "Transform": {
          "Position": {
            "x": 224.0,
            "y": 114.0
          },
          "Scale": {
            "x": 75.0,
            "y": 27.0
          },
          "Rotation": 0.0
        },
        "Texture": "file:/C:/Users/Martin/Repos/FIIT/oop-2023-stv-15-a-dakic-xszabom5/Project/gymbro/build/resources/main/com/gymbro/assets/nobelgym.png",
        "Properties": {
          "Property": {
            "Name": "Name",
            "Value": "NobelGym"
          },
          "Property": {
            "Name": "Location",
            "Value": "Zahorska Bystrica"
          },
          "Property": {
            "Name": "Amount of equipment",
            "Value": "5"
          },
          "Property": {
            "Name": "Website",
            "Value": "https://www.nobelgym.sk/"
          },
          "Property": {
            "Name": "Description",
            "Value": "Nobel gym is a newly opened leisure centre that offers its clients professional services in a modern environment. Our centre is designed for all those looking for a healthy lifestyle, quality training and relaxation. We founded Nobel Gym with the idea of creating a professional yet family environment where you and our trainers can achieve your physical goals, push your limits and enjoy the results not only in our gym but also in your personal life. We offer our visitors a fully air-conditioned space for strength, functional and relaxation group workouts in a friendly environment. For the little ones we have music and dance workshops and exercises to develop motor skills and movement. A reception area with a fresh bar and seating will make your workout more enjoyable and give you enegria for the day. We have modern changing rooms and showers which are free for our clients to use."
          },
          "Property": {
            "Name": "Opening hours",
            "Value": "Mon-Fri from 8.00 AM - 12.00 AM"
          }
        }
      },
      "GymModel": {
        "Transform": {
          "Position": {
            "x": 88.0,
            "y": 144.0
          },
          "Scale": {
            "x": 75.0,
            "y": 27.0
          },
          "Rotation": 0.0
        },
        "Texture": "file:/C:/Users/Martin/Repos/FIIT/oop-2023-stv-15-a-dakic-xszabom5/Project/gymbro/build/resources/main/com/gymbro/assets/lifegym.png",
        "Properties": {
          "Property": {
            "Name": "Name",
            "Value": "LifeGym"
          },
          "Property": {
            "Name": "Location",
            "Value": "Devinska Nova Ves"
          },
          "Property": {
            "Name": "Amount of equipment",
            "Value": "13"
          },
          "Property": {
            "Name": "Website",
            "Value": "https://lifegym.sk/"
          },
          "Property": {
            "Name": "Description",
            "Value": "Welcome to LifeGym, the premier chain of gyms in Slovakia. Our state-of-the-art facilities feature a wide range of fitness equipment, including cardio machines, weight lifting machines, and free weights. We also offer a variety of group fitness classes, such as spinning, yoga, and aerobics, to help you stay motivated and reach your fitness goals. Our experienced personal trainers are available to provide one-on-one guidance and support to help you get the most out of your workouts. Join our community of fitness enthusiasts and start your journey towards a healthier, happier you today at LifeGym."
          },
          "Property": {
            "Name": "Opening hours",
            "Value": "Mon-Fri from 6.30 AM - 10.00 PM"
        }
        }
      }
    }
  }