{
	"GymModel": {
		"Transform": {
			"Position": {
				"x": 398.0,
				"y": 512.0
			},
			"Scale": {
				"x": 75.0,
				"y": 27.0
			},
			"Rotation": 0.0
		},
		"AmountOfEquipment": 0,
		"Texture": "file:/C:/Users/Martin/Repos/FIIT/oop-2023-stv-15-a-dakic-xszabom5/Project/gymbro/assets/lifegym.png",
		"Properties": {
			"Property": {
				"Name": "Name",
				"Value": "LifeGym"
			},
			"Property": {
				"Name": "Location",
				"Value": "Petrzalka"
			}
		}
	},
	"GymModel": {
		"Transform": {
			"Position": {
				"x": 369.0,
				"y": 712.0
			},
			"Scale": {
				"x": 75.0,
				"y": 27.0
			},
			"Rotation": 0.0
		},
		"AmountOfEquipment": 0,
		"Texture": "file:/C:/Users/Martin/Repos/FIIT/oop-2023-stv-15-a-dakic-xszabom5/Project/gymbro/assets/lifegym.png",
		"Properties": {
			"Property": {
				"Name": "Name",
				"Value": "LifeGym"
			},
			"Property": {
				"Name": "Location",
				"Value": "Jarovce"
			}
		}
	},
	"GymModel": {
		"Transform": {
			"Position": {
				"x": 367.0,
				"y": 413.0
			},
			"Scale": {
				"x": 75.0,
				"y": 27.0
			},
			"Rotation": 0.0
		},
		"AmountOfEquipment": 0,
		"Texture": "file:/C:/Users/Martin/Repos/FIIT/oop-2023-stv-15-a-dakic-xszabom5/Project/gymbro/assets/lifegym.png",
		"Properties": {
			"Property": {
				"Name": "Name",
				"Value": "LifeGym"
			},
			"Property": {
				"Name": "Location",
				"Value": "Stare Mesto"
			}
		}
	}
}