{
	"FavoritesModel": {
		"GymModel": {
			"Transform": {
				"Position": {
					"x": 367.0,
					"y": 413.0
				},
				"Scale": {
					"x": 75.0,
					"y": 27.0
				},
				"Rotation": 0.0
			},
			"Texture": "jar:file:/C:/Users/Martin/Repos/FIIT/oop-2023-stv-15-a-dakic-xszabom5/Project/gymbro/build/libs/GymBro-windows.jar!/com/gymbro/assets/fitinn.png",
			"Properties": {
				"Property": {
					"Name": "Name",
					"Value": "FITINN"
				},
				"Property": {
					"Name": "Location",
					"Value": "Stare Mesto"
				},
				"Property": {
					"Name": "Amount of equipment",
					"Value": "19"
				},
				"Property": {
					"Name": "Website",
					"Value": "https://fitinn.sk/"
				},
				"Property": {
					"Name": "Description",
					"Value": "FITINN is an Austrian fitness studio chain with currently 47 locations in Austria (as of November 2022), 3 in the Czech Republic, 4 in Slovenia, and 2 locations each in Slovakia and Italy. The company headquarters are located in Vienna, and the first studio was opened in 2004 at the main train station in Graz. Currently, with over 220,000 members, FITINN is the fitness chain with the most members in Austria with the most studios and is a classic fitness discounter (low monthly price, reduced offer on endurance and strength equipment)."
				},
				"Property": {
					"Name": "Opening hours",
					"Value": "Every day from 6.00 AM - 12.00 AM"
				}
			}
		}
	}
}